-- ----------------------------
-- 1. 插入竞赛信息数据 (涵盖国家级、省级、校级，以及不同时间状态)
-- ----------------------------
INSERT INTO bus_competition (comp_id, comp_name, comp_level, comp_type, organizer, sign_start_time,
                             sign_end_time, comp_start_time, comp_end_time, content, attachment,
                             status, del_flag, create_by, create_time, update_by, update_time,
                             remark)
VALUES (100, '2026年第十五届蓝桥杯全国软件和信息技术专业人才大赛', '1', '学科竞赛',
        '工业和信息化部人才交流中心', '2025-11-01 00:00:00', '2025-12-15 23:59:59',
        '2026-03-15 09:00:00', '2026-03-15 13:00:00',
        '<p>蓝桥杯大赛是全国性的专业IT类赛事，旨在提升大学生的编程能力和创新精神。请各位同学积极准备。</p>',
        '蓝桥杯章程.pdf', '0', '0', 'admin', sysdate(), 'admin', sysdate(),
        '已结束的比赛，用于测试成绩展示'),
       (101, '第九届中国国际“互联网+”大学生创新创业大赛', '1', '创新创业', '教育部',
        '2026-03-01 00:00:00', '2026-05-31 23:59:59', '2026-07-01 00:00:00', '2026-08-31 00:00:00',
        '<p>大赛旨在深化高等教育综合改革，激发大学生的创造力，培养造就“大众创业、万众创新”的生力军。</p>',
        '互联网+参赛指南.pdf,商业计划书模板.docx', '0', '0', 'admin', sysdate(), '', sysdate(),
        '正在报名中的重点赛事'),
       (102, '2026年河北省大学生程序设计竞赛 (HEBTU)', '2', '学科竞赛', '河北省教育厅',
        '2026-04-01 00:00:00', '2026-04-20 23:59:59', '2026-05-10 09:00:00', '2026-05-10 14:00:00',
        '<p>本次省赛将采用ACM赛制，三人一队，重点考察算法设计与代码实现能力。</p>', '', '0', '0',
        'admin', sysdate(), '', sysdate(), '即将开始报名的赛事'),
       (103, '河北工业大学第十二届“挑战杯”课外学术科技作品竞赛', '3', '科技创新',
        '共青团河北工业大学委员会', '2026-02-15 00:00:00', '2026-03-10 23:59:59',
        '2026-04-05 08:00:00', '2026-04-05 18:00:00', '<p>校内选拔赛，优秀作品将推报省级比赛。</p>',
        '申报书模板.doc', '0', '0', 'admin', sysdate(), '', sysdate(), '报名已结束，备赛中'),
       (104, '2026年全国大学生电子设计竞赛', '1', '学科竞赛', '全国大学生电子设计竞赛组委会',
        '2026-07-01 00:00:00', '2026-07-20 23:59:59', '2026-08-05 08:00:00', '2026-08-08 20:00:00',
        '<p>赛题将于8月5日早上8点统一发布。</p>', '', '1', '0', 'admin', sysdate(), '', sysdate(),
        '草稿状态，未正式发布');


-- ----------------------------
-- 2. 插入报名参赛数据 (包含不同审核状态：0待审核，1已通过，2已驳回)
-- ----------------------------
INSERT INTO bus_registration (reg_id, comp_id, user_id, team_name, teacher_name, member_info,
                              reg_file, audit_status, audit_msg, status, del_flag, create_by,
                              create_time, update_by, update_time, remark)
VALUES (100, 100, 2, '面向薪水编程队', '王建国',
        '[{"name":"张三","stuId":"220101"},{"name":"李四","stuId":"220102"}]', '报名表_张三.pdf',
        '1', '符合参赛条件，审核通过', '0', '0', 'ry', sysdate(), 'admin', sysdate(), ''),
       (101, 100, 1, 'Bug制造机', '刘梅', '王五, 赵六', '', '1', '自动通过', '0', '0', 'admin',
        sysdate(), 'admin', sysdate(), '后台管理员直接录入'),
       (102, 101, 2, '智创科技先锋', '李晓华', '队内5人，负责人张三', '商业计划书初稿.pdf', '0', '',
        '0', '0', 'ry', sysdate(), '', sysdate(), '待审核状态'),
       (103, 101, 1, '环保新材料', '陈大伟', '成员：周七、吴八', '环保材料BP.pdf', '2',
        '附件材料不全，缺少指导老师签字页，请补充后重新提交。', '0', '0', 'admin', sysdate(), 'admin',
        sysdate(), '被驳回的记录'),
       (104, 103, 2, '数据挖掘小队', '高卫香', '谢静, 王雷', '申报书_谢静.doc', '1', '同意报名',
        '0', '0', 'ry', sysdate(), 'admin', sysdate(), '指导老师即为毕设导师');


-- ----------------------------
-- 3. 插入在线讨论主题数据 (包含置顶贴、针对特定比赛的求助贴等)
-- ----------------------------
INSERT INTO bus_discussion (post_id, comp_id, user_id, title, content, view_count, is_top, status,
                            del_flag, create_by, create_time, update_by, update_time, remark)
VALUES (100, NULL, 1, '【官方公告】竞赛平台使用规范与交流指南',
        '<p>欢迎各位同学使用学生竞赛信息发布与管理平台！请大家在交流时遵守相关规定，友善发言。</p>',
        1256, '1', '0', '0', 'admin', sysdate(), 'admin', sysdate(), '全局置顶帖'),
       (101, 101, 2, '寻找“互联网+”比赛的前端队友！',
        '<p>目前队伍里有后端和产品，项目是做智慧农业相关的物联网平台，急缺一名熟练使用Vue的前端同学，有奖项追求！有意者评论区留言或私信。</p>',
        342, '0', '0', '0', 'ry', sysdate(), '', sysdate(), ''),
       (102, 100, 2, '蓝桥杯C/C++ B组 历年真题求分享',
        '<p>第一次参加蓝桥杯，求各位大佬分享一下往年的真题和测试数据，万分感谢！</p>', 128, '0', '0',
        '0', 'ry', sysdate(), '', sysdate(), ''),
       (103, 103, 1, '挑战杯校赛时间线梳理',
        '<p>帮大家整理了本次校赛的关键时间节点，千万别错过材料提交时间！详见附件内容...</p>', 56, '0',
        '0', '0', 'admin', sysdate(), '', sysdate(), '');


-- ----------------------------
-- 4. 插入在线讨论回复数据 (包含直接回复和楼中楼回复)
-- ----------------------------
INSERT INTO bus_reply (reply_id, post_id, parent_id, user_id, content, status, del_flag, create_by,
                       create_time, update_by, update_time, remark)
VALUES (100, 101, 0, 1, '我是前端开发，熟悉Vue和ElementUI，对你们的项目很感兴趣，怎么联系？', '0', '0',
        'admin', sysdate(), '', sysdate(), '直接回复主帖'),
       (101, 101, 100, 2, '太好了！你可以加我微信: zhangsan123，我们详细聊聊。', '0', '0', 'ry',
        sysdate(), '', sysdate(), '回复层主的楼中楼'),
       (102, 102, 0, 1, '我网盘里有一些整理好的资料，已经私信发给你了，注意查收。', '0', '0', 'admin',
        sysdate(), '', sysdate(), '直接回复'),
       (103, 102, 102, 2, '收到了，非常感谢大佬！', '0', '0', 'ry', sysdate(), '', sysdate(),
        '表达感谢');


-- ----------------------------
-- 5. 插入成绩发布数据 (针对已结束的蓝桥杯竞赛 100)
-- ----------------------------
-- 关联字典：0特等奖，1一等奖，2二等奖，3三等奖
INSERT INTO bus_score (score_id, comp_id, reg_id, score_value, award_level, ranking, is_publish,
                       status, del_flag, create_by, create_time, update_by, update_time, remark)
VALUES (100, 100, 100, 89.50, '1', 5, '1', '0', '0', 'admin', sysdate(), 'admin', sysdate(),
        '表现优异，推荐参加国赛'),
       (101, 100, 101, 75.00, '3', 128, '1', '0', '0', 'admin', sysdate(), 'admin', sysdate(),
        '基础扎实，继续努力');

COMMIT;